id,Full_Name,address
1,"Frazier, Matthew","59 Browning Junction, Santa Monica, CA 90452"
2,"Graham, Willie","68 Surrey Place, Pittsburgh, PA 93927"
3,"Warren, Phillip","8375 Fair Oaks Place, Littleton, CO 79089"
4,"Morgan, Todd","06 Elka Junction, Las Vegas, NV 56559"
5,"Wells, Evelyn","178 Novick Pass, Los Angeles, CA 29211"
6,"Johnston, Kevin","2 Brickson Park Crossing, Wichita, KS 21799"
7,"Gutierrez, Denise","44839 Blaine Hill, Memphis, TN 83439"
8,"Stephens, Melissa","65 Waywood Lane, Boston, MA 39597"
9,"Austin, Chris","6 Schurz Alley, Orlando, FL 23078"
10,"Ford, Matthew","2 Truax Hill, San Antonio, TX 96711"
11,"Price, Larry","2546 Muir Point, Jackson, MS 92921"
12,"Berry, Ann","6 Susan Trail, Youngstown, OH 80547"
13,"Chavez, Evelyn","6926 Ronald Regan Court, New York City, NY 75136"
14,"Kelley, Randy","761 Commercial Crossing, Falls Church, VA 32093"
15,"Mason, Anne","4 Starling Drive, Cincinnati, OH 70345"
16,"Hart, Anthony","85665 Sunfield Place, Pensacola, FL 79447"
17,"Duncan, Norma","21720 Superior Way, Pasadena, TX 30116"
18,"Patterson, Judy","21418 Debs Hill, Youngstown, OH 87610"
19,"Berry, Christopher","22967 Parkside Place, Wichita, KS 92024"
20,"Romero, Virginia","9 Center Plaza, Madison, WI 30702"
21,"Roberts, Angela","132 Nobel Road, Cleveland, OH 52564"
22,"Turner, Cheryl","087 Bartillon Parkway, Huntington, WV 89306"
23,"Burke, Phillip","22 Helena Center, Detroit, MI 59139"
24,"Hunt, Carolyn","259 Dennis Trail, Oakland, CA 98690"
25,"Cole, Barbara","1365 Orin Parkway, Jacksonville, FL 23244"
26,"Hunt, Howard","22935 Quincy Circle, Bronx, NY 51030"
27,"Wilson, Ryan","8896 Huxley Plaza, San Angelo, TX 48434"
28,"Bell, Eugene","96 Park Meadow Alley, Des Moines, IA 22805"
29,"Smith, Jessica","14 Meadow Ridge Court, Tampa, FL 16534"
30,"Ray, Virginia","90 Sloan Junction, Santa Rosa, CA 28440"
31,"Fox, Beverly","20323 Del Sol Drive, Fresno, CA 89621"
32,"Taylor, Anna","3752 Ryan Parkway, Montgomery, AL 34275"
33,"Hayes, Bonnie","21503 Stoughton Court, Cleveland, OH 34920"
34,"Chavez, Fred","62596 Lotheville Trail, Miami, FL 90182"
35,"Gardner, Ann","7456 Merrick Circle, Pittsburgh, PA 67085"
36,"Perez, Joan","443 Carpenter Alley, Wichita, KS 76605"
37,"Mills, Richard","462 Carpenter Trail, Trenton, NJ 11262"
38,"Hawkins, Joe","43184 Roxbury Circle, Raleigh, NC 63050"
39,"Hayes, Adam","208 Garrison Drive, Savannah, GA 12095"
40,"Ryan, Jeremy","221 Spohn Court, Washington, DC 81216"
41,"Burns, Emily","66944 Talmadge Crossing, Atlanta, GA 77675"
42,"Pierce, Beverly","435 Red Cloud Junction, Richmond, VA 38141"
43,"Diaz, Elizabeth","08 Sachtjen Hill, El Paso, TX 64234"
44,"Marshall, Kelly","07523 Rigney Place, Fresno, CA 36137"
45,"Arnold, Janice","28942 Clemons Avenue, Vancouver, WA 57550"
46,"Russell, Lori","21 Londonderry Center, Roanoke, VA 66540"
47,"Richardson, Rose","15 Sundown Drive, Los Angeles, CA 10122"
48,"Phillips, Teresa","1665 Weeping Birch Alley, Toledo, OH 88394"
49,"Cruz, Theresa","5 Ridgeview Way, Detroit, MI 70442"
50,"Bryant, Jack","185 Michigan Plaza, Panama City, FL 49202"
51,"Hawkins, Gloria","6 Upham Crossing, Sacramento, CA 37237"
52,"Dixon, Joshua","154 Almo Plaza, Oklahoma City, OK 44351"
53,"Murphy, Clarence","98 Summer Ridge Parkway, Mobile, AL 32022"
54,"Bailey, Sean","8044 Meadow Ridge Point, Albuquerque, NM 16729"
55,"Kelley, Kelly","801 Sugar Pass, Naples, FL 49546"
56,"Spencer, Carl","9728 Lerdahl Hill, Hayward, CA 48116"
57,"Collins, Angela","9393 Farmco Park, Cincinnati, OH 47489"
58,"Payne, Bonnie","7199 Pond Way, Amarillo, TX 62541"
59,"Morrison, Heather","5 Coolidge Point, Louisville, KY 78009"
60,"Baker, Jennifer","5083 Sutteridge Road, Denver, CO 92441"
61,"Bradley, Tammy","3466 Russell Lane, Fresno, CA 27758"
62,"Medina, Bobby","70 Monterey Hill, Portland, OR 50505"
63,"Jones, Henry","15638 Debra Avenue, Amarillo, TX 74810"
64,"Ortiz, Bobby","45 Doe Crossing Road, San Antonio, TX 33516"
65,"Jackson, Anthony","6667 Loeprich Street, Wichita, KS 24991"
66,"Palmer, Rachel","76136 Scofield Center, Fresno, CA 94309"
67,"Peterson, Nancy","8 Heath Way, Silver Spring, MD 58775"
68,"Wagner, Raymond","1 Swallow Alley, Tyler, TX 45319"
69,"Patterson, Brian","3965 Buhler Junction, Saint Louis, MO 99335"
70,"Flores, Julie","90229 Portage Way, Louisville, KY 76910"
71,"Cook, Debra","8 Heffernan Lane, Miami, FL 65905"
72,"Robertson, George","5414 Warrior Crossing, Portland, OR 78623"
73,"Fuller, Joe","3 Beilfuss Alley, Wichita, KS 13473"
74,"Bryant, Alice","846 Forster Circle, Dayton, OH 20131"
75,"Wright, Patricia","9465 Spenser Way, San Antonio, TX 58247"
76,"Crawford, Brian","898 Waxwing Road, Augusta, GA 12973"
77,"Meyer, Alan","4999 Menomonie Circle, Oklahoma City, OK 59146"
78,"Mccoy, Lois","24 Magdeline Point, Los Angeles, CA 10545"
79,"Hart, Todd","6 Helena Hill, Minneapolis, MN 50987"
80,"Payne, Marie","59787 Elgar Circle, Denver, CO 73252"
81,"Kelley, Dorothy","9485 Redwing Crossing, Washington, DC 25638"
82,"Schmidt, Gloria","06 Pennsylvania Plaza, El Paso, TX 76478"
83,"Olson, Judith","98 Stang Road, Arvada, CO 81826"
84,"Austin, Ernest","57 Eastwood Circle, Norwalk, CT 51375"
85,"Vasquez, Jose","8185 Northridge Street, Boston, MA 98941"
86,"Coleman, Randy","9 Mccormick Crossing, Ann Arbor, MI 89234"
87,"Sanders, Jennifer","7 Pearson Terrace, Baltimore, MD 87156"
88,"Jackson, Gregory","73 Del Sol Crossing, El Paso, TX 89199"
89,"Williams, Sandra","823 Logan Alley, San Francisco, CA 25455"
90,"Reyes, Julia","049 Cottonwood Pass, Reno, NV 90224"
91,"Owens, Aaron","629 Service Parkway, Moreno Valley, CA 14051"
92,"Moore, Angela","5349 Kings Place, Washington, DC 86188"
93,"Lopez, Willie","64 New Castle Pass, Saginaw, MI 46931"
94,"Perry, Sarah","7 Meadow Vale Junction, Saint Louis, MO 93707"
95,"Martinez, Amanda","1 Portage Way, Charlotte, NC 32911"
96,"Mccoy, Aaron","1568 Chinook Road, New Hyde Park, NY 83047"
97,"Gibson, Anna","93 Elka Avenue, Albany, NY 40363"
98,"Fowler, Sharon","460 Sherman Terrace, Las Vegas, NV 40403"
99,"Harrison, Anne","6 Bartelt Avenue, Little Rock, AR 63247"
100,"White, Lawrence","9 Ludington Hill, Houston, TX 56667"
101,"West, Heather","8212 Clemons Alley, Spring, TX 87214"
102,"Ortiz, Cynthia","640 Moose Park, Honolulu, HI 14803"
103,"Morgan, Paula","84758 Old Shore Place, South Bend, IN 49958"
104,"Frazier, Samuel","25785 Canary Street, Pensacola, FL 18141"
105,"Hill, Irene","4 Lotheville Place, Jersey City, NJ 60984"
106,"Sanchez, Michelle","0 Mitchell Way, Saint Paul, MN 80696"
107,"Ramirez, Cheryl","00 Mayer Road, Trenton, NJ 88657"
108,"Mitchell, Kevin","80 Glacier Hill Lane, Canton, OH 22824"
109,"Hunt, Cynthia","840 American Ash Junction, Saint Petersburg, FL 93434"
110,"Rodriguez, Frances","0710 Huxley Parkway, Saint Louis, MO 35726"
111,"Parker, Denise","2 West Lane, Cleveland, OH 19741"
112,"Perez, Thomas","25 Farwell Avenue, New York City, NY 78567"
113,"Schmidt, Melissa","9 Cordelia Point, Amarillo, TX 11763"
114,"Powell, Wayne","2672 Manitowish Terrace, Gatesville, TX 19381"
115,"Rivera, Maria","97 Drewry Alley, Dallas, TX 34850"
116,"Bennett, Gloria","89 Coolidge Parkway, Littleton, CO 82477"
117,"Porter, Roger","19 Southridge Alley, Boise, ID 82672"
118,"Hill, Evelyn","01590 Basil Hill, Charlotte, NC 92516"
119,"Olson, Irene","93 Jana Road, Austin, TX 83414"
120,"Mccoy, Cheryl","19816 Schmedeman Pass, Schenectady, NY 20887"
121,"Rodriguez, Patrick","4308 Steensland Hill, El Paso, TX 31411"
122,"West, Benjamin","1298 Valley Edge Circle, Richmond, VA 94176"
123,"Watkins, George","2 Grayhawk Avenue, Athens, GA 58352"
124,"Morgan, Carl","4 Ramsey Point, Killeen, TX 80303"
125,"Cook, Ruby","38674 Springview Pass, Daytona Beach, FL 72746"
126,"Washington, Victor","2970 Service Avenue, Hagerstown, MD 22638"
127,"Taylor, Diana","7 Parkside Terrace, Columbia, SC 76800"
128,"Coleman, David","5858 Almo Hill, New York City, NY 50998"
129,"Wilson, Nicole","653 Ohio Street, Fresno, CA 12654"
130,"Spencer, Bruce","2314 Fremont Alley, Lancaster, PA 45980"
131,"Richardson, Irene","868 Loftsgordon Terrace, Hollywood, FL 73483"
132,"Armstrong, Deborah","8796 Nevada Place, Oklahoma City, OK 27020"
133,"Dean, Sharon","0 Coolidge Trail, Charlotte, NC 43904"
134,"Kennedy, Barbara","3334 Mockingbird Plaza, Denver, CO 46099"
135,"Walker, Paula","5969 Shoshone Alley, Mobile, AL 12399"
136,"Turner, Angela","2 Moulton Center, Charlotte, NC 43803"
137,"Matthews, Craig","06590 Helena Parkway, Las Vegas, NV 54157"
138,"Hart, Douglas","3232 Heath Court, New York City, NY 28084"
139,"Sanchez, Dennis","15 Dayton Lane, Winston Salem, NC 33851"
140,"Bowman, Carol","08 Summit Lane, Garden Grove, CA 13900"
141,"Stone, Antonio","2055 Killdeer Way, Austin, TX 10390"
142,"Pierce, Tina","56 Melby Hill, Saint Petersburg, FL 33349"
143,"Harvey, Jeremy","1381 Merchant Circle, Reno, NV 48858"
144,"Gutierrez, Sharon","279 Michigan Avenue, Pensacola, FL 50164"
145,"Carpenter, Roy","556 Hermina Junction, Columbia, SC 42601"
146,"Cox, Amy","58242 Weeping Birch Court, Virginia Beach, VA 56691"
147,"Hall, Rebecca","248 Hollow Ridge Court, Portland, OR 74982"
148,"Patterson, Ruth","0300 Lunder Parkway, Fort Worth, TX 77341"
149,"Smith, Eugene","361 Jenifer Road, North Little Rock, AR 86740"
150,"Rose, Thomas","81 Grasskamp Lane, Cleveland, OH 42966"
151,"Rodriguez, Lillian","0230 Jana Crossing, Van Nuys, CA 17849"
152,"Owens, Jacqueline","5 Anniversary Plaza, Palatine, IL 17533"
153,"Cook, Stephanie","6754 Moland Lane, Herndon, VA 52716"
154,"Brooks, Brandon","22 Prentice Lane, Boise, ID 97443"
155,"Larson, Jerry","15309 Arkansas Crossing, Mobile, AL 89928"
156,"Barnes, Marilyn","336 Kipling Lane, San Antonio, TX 28979"
157,"Hanson, Mary","3 Warner Crossing, Cleveland, OH 60891"
158,"Dixon, Jesse","08167 Northridge Center, Bonita Springs, FL 56548"
159,"Johnson, Lawrence","810 Stephen Alley, Roanoke, VA 49064"
160,"Knight, Louis","4 Sutteridge Point, Lansing, MI 21741"
161,"Johnson, Johnny","43 Crescent Oaks Street, New Orleans, LA 48715"
162,"Ramirez, Christine","957 Huxley Pass, Midland, TX 31224"
163,"Anderson, Walter","6410 Ramsey Alley, Oklahoma City, OK 29226"
164,"Cunningham, Martha","98 Donald Court, Boulder, CO 84362"
165,"Patterson, Janet","59062 Cottonwood Trail, Orlando, FL 83933"
166,"Fisher, Scott","82 Eastwood Drive, Rochester, NY 76903"
167,"Spencer, Laura","95 Hallows Place, Dallas, TX 79535"
168,"Carpenter, Juan","74153 Mcbride Crossing, Portland, OR 30451"
169,"Hart, Marie","0517 Towne Pass, Honolulu, HI 16715"
170,"Chapman, Amanda","46 Schurz Crossing, Albany, NY 57584"
171,"Richards, Aaron","82783 Comanche Parkway, Colorado Springs, CO 61923"
172,"Brown, James","74 Golf View Lane, Boca Raton, FL 21031"
173,"Lynch, Lillian","92 Blue Bill Park Circle, San Diego, CA 11515"
174,"Phillips, Emily","49771 Chive Plaza, Flint, MI 34829"
175,"Snyder, Kathryn","847 Brickson Park Plaza, Jamaica, NY 61589"
176,"Riley, Robert","341 Oriole Crossing, Saint Paul, MN 22945"
177,"Wells, Douglas","62 Garrison Pass, Inglewood, CA 44596"
178,"Romero, David","3 Harper Circle, Honolulu, HI 49290"
179,"Little, Patrick","4 Carpenter Circle, Columbia, MO 61576"
180,"Holmes, Steve","141 Saint Paul Road, Baton Rouge, LA 30194"
181,"Gardner, Ruth","4077 Garrison Trail, San Jose, CA 81247"
182,"Sanders, Daniel","76974 Schiller Terrace, Bakersfield, CA 25703"
183,"Fuller, Joseph","26762 Marquette Place, Sacramento, CA 42762"
184,"Sanchez, Anna","26572 Carey Center, Boston, MA 83793"
185,"Hernandez, Benjamin","37 Westridge Terrace, El Paso, TX 88243"
186,"Willis, Roger","2 Village Green Plaza, Des Moines, IA 81087"
187,"Daniels, Steven","44 Buhler Center, Shreveport, LA 82653"
188,"Palmer, Patrick","6395 Namekagon Alley, Chicago, IL 71043"
189,"Mcdonald, Gerald","9 Hoffman Road, Las Vegas, NV 67804"
190,"Flores, Albert","58 Namekagon Drive, Pasadena, CA 39580"
191,"Knight, Andrea","230 Eastlawn Center, Amarillo, TX 65546"
192,"Graham, Sean","5309 Quincy Trail, Lakeland, FL 97404"
193,"King, Angela","3 Service Way, Miami, FL 61633"
194,"Brooks, Gregory","38 Gerald Alley, Roanoke, VA 23095"
195,"Harvey, Douglas","6 Browning Pass, Los Angeles, CA 47007"
196,"Kennedy, Shirley","37 High Crossing Circle, Macon, GA 43407"
197,"Patterson, Diana","86016 Calypso Plaza, Houston, TX 51988"
198,"Peters, Robert","73841 Mandrake Crossing, Lynchburg, VA 81734"
199,"Edwards, Henry","5 Parkside Court, Vancouver, WA 15326"
200,"Fuller, Terry","468 Pierstorff Parkway, Richmond, VA 51709"
201,"Harrison, Larry","2446 Weeping Birch Center, Phoenix, AZ 88611"
202,"Torres, Patricia","3607 Sunbrook Crossing, Abilene, TX 32446"
203,"Stephens, Ruth","49876 Hollow Ridge Pass, Tulsa, OK 19662"
204,"Holmes, Carolyn","55797 Coleman Avenue, Pittsburgh, PA 22123"
205,"Marshall, Martin","37494 Jenna Road, Brooklyn, NY 56378"
206,"Willis, Peter","81 Hooker Circle, Tacoma, WA 95588"
207,"Reed, Shawn","0 Homewood Place, Austin, TX 64991"
208,"Simpson, Kenneth","40448 Haas Avenue, Baton Rouge, LA 40952"
209,"Foster, Lori","00 Sutherland Junction, Alexandria, LA 49364"
210,"Price, Lillian","02 Forest Pass, Charleston, SC 71853"
211,"Holmes, Stephen","733 Monica Plaza, Austin, TX 59137"
212,"Alvarez, Keith","9 Morning Road, Orlando, FL 54067"
213,"Fernandez, Phyllis","17299 Vernon Plaza, Cleveland, OH 29057"
214,"Hawkins, Andrea","7058 Sugar Trail, Philadelphia, PA 88259"
215,"Walker, Scott","9836 Di Loreto Street, Brockton, MA 59049"
216,"Brooks, Shirley","309 Westridge Plaza, Minneapolis, MN 18055"
217,"Smith, Earl","425 3rd Crossing, Newark, NJ 26868"
218,"Gonzalez, Denise","927 Hazelcrest Lane, Milwaukee, WI 38443"
219,"Perez, Michael","688 Northwestern Street, Torrance, CA 27858"
220,"Ray, Andrew","200 East Crossing, San Diego, CA 38399"
221,"Adams, Nicholas","710 Cody Drive, Omaha, NE 21246"
222,"Riley, Jack","4 Pierstorff Parkway, Austin, TX 97742"
223,"Daniels, Douglas","55465 Blackbird Circle, North Hollywood, CA 31004"
224,"Rose, Kimberly","0456 Maywood Circle, Miami, FL 60045"
225,"Gardner, Joe","20 Carey Point, Boston, MA 39556"
226,"Castillo, Ashley","012 Arrowood Way, Louisville, KY 47520"
227,"Medina, Betty","3181 Texas Plaza, Salt Lake City, UT 28420"
228,"Hunt, Joyce","2 Bashford Crossing, Dayton, OH 74521"
229,"Marshall, Victor","2 Charing Cross Alley, Brockton, MA 14388"
230,"Elliott, Mary","9944 Dunning Road, Albuquerque, NM 39937"
231,"Gomez, Russell","5726 Mccormick Avenue, Pueblo, CO 81067"
232,"Dunn, Rose","3 Sheridan Lane, Simi Valley, CA 79900"
233,"Clark, Fred","86674 Bunting Alley, York, PA 52743"
234,"Hansen, Robin","189 Butternut Way, Milwaukee, WI 72677"
235,"Rice, Linda","64 Ohio Street, Kansas City, MO 21873"
236,"Thomas, Martin","78 Artisan Court, Miami Beach, FL 27786"
237,"Simpson, Nicholas","1 Arizona Terrace, Cincinnati, OH 73195"
238,"Stanley, Anthony","5 Golf Course Way, Houston, TX 82173"
239,"Hall, Beverly","3944 Dayton Parkway, Sunnyvale, CA 27458"
240,"Sims, Joseph","13967 Erie Place, Oxnard, CA 20600"
241,"Wallace, Carol","16 Barby Junction, Dallas, TX 71761"
242,"Gibson, Anthony","985 Glendale Road, Asheville, NC 32684"
243,"Roberts, Jane","58284 Armistice Park, Sacramento, CA 63908"
244,"Ray, Angela","6293 Hagan Alley, Birmingham, AL 85900"
245,"Wright, Christopher","5 Fordem Point, Columbus, OH 21767"
246,"Ray, Amy","093 Westridge Circle, Los Angeles, CA 52729"
247,"Richardson, Sharon","82 Monument Court, Kansas City, MO 69205"
248,"Hughes, Emily","6 Northland Avenue, Miami, FL 99956"
249,"Olson, Carolyn","08 Esker Drive, Houston, TX 35016"
250,"Ruiz, Martha","601 Annamark Hill, Boca Raton, FL 66857"
251,"Kim, Ashley","7523 Independence Parkway, Huntsville, AL 35968"
252,"Torres, Gregory","83316 Tennessee Street, Richmond, VA 29197"
253,"Bell, Christina","994 Waxwing Point, Houston, TX 51041"
254,"Carroll, Eugene","4847 Buhler Center, Chicago, IL 63180"
255,"Ramos, Debra","1414 Pepper Wood Park, Monroe, LA 41712"
256,"Wright, Donald","27775 8th Alley, New York City, NY 73207"
257,"Kennedy, Gary","66187 Maple Wood Junction, Dallas, TX 66062"
258,"Torres, Diana","3683 Maple Way, Little Rock, AR 40118"
259,"Stanley, Jesse","5052 Roth Plaza, Punta Gorda, FL 23099"
260,"Oliver, Albert","54 Beilfuss Crossing, West Palm Beach, FL 70002"
261,"Martin, Kelly","6830 Daystar Drive, Richmond, VA 89122"
262,"Coleman, Roger","25 Valley Edge Avenue, Gulfport, MS 31083"
263,"Perez, Louise","6779 Hazelcrest Avenue, Knoxville, TN 75313"
264,"Hunt, Carlos","54638 Gale Terrace, Hartford, CT 35545"
265,"Harper, Donna","3468 Goodland Trail, Amarillo, TX 90747"
266,"Payne, Samuel","5538 Ridge Oak Park, Arvada, CO 22938"
267,"Woods, Steven","280 Macpherson Alley, Hampton, VA 28113"
268,"Gonzales, Carolyn","66720 Susan Point, Savannah, GA 70006"
269,"Ruiz, Pamela","8 Main Place, Shawnee Mission, KS 59771"
270,"Hicks, Carolyn","273 Elgar Plaza, Oakland, CA 71050"
271,"Howell, Brian","6144 Ilene Crossing, Dayton, OH 25825"
272,"Mendoza, Benjamin","937 Northwestern Avenue, Oklahoma City, OK 82234"
273,"Black, Marilyn","550 Grim Hill, Grand Rapids, MI 41928"
274,"Thomas, Frank","17 Debs Pass, Trenton, NJ 17635"
275,"Welch, Betty","76214 Annamark Plaza, Reno, NV 16766"
276,"Mason, Diane","4488 Amoth Pass, Oakland, CA 60924"
277,"Perez, Eugene","7864 Mallory Terrace, Herndon, VA 79370"
278,"Campbell, Laura","18490 Kropf Crossing, Springfield, IL 67453"
279,"Wood, Phyllis","5 Di Loreto Road, Anderson, IN 91574"
280,"Peters, Christina","0999 Vera Point, Hicksville, NY 71872"
281,"Willis, Scott","851 Merrick Way, Warren, OH 37248"
282,"Holmes, Charles","7644 Service Center, Albany, NY 62649"
283,"West, William","04771 Erie Place, Corpus Christi, TX 39992"
284,"Rodriguez, Charles","6541 Crownhardt Junction, Indianapolis, IN 26617"
285,"George, Lisa","5 Hayes Point, Chandler, AZ 78805"
286,"Jenkins, Michael","54893 Daystar Plaza, Charleston, WV 73876"
287,"Hernandez, Tina","10935 Lotheville Park, Raleigh, NC 91775"
288,"Thomas, Amanda","912 Melvin Junction, Gainesville, FL 64823"
289,"Peters, Steven","0 Warner Road, Hartford, CT 57425"
290,"Cooper, Christopher","52 Victoria Circle, San Antonio, TX 15371"
291,"Hicks, Martin","052 Eggendart Crossing, Washington, DC 48089"
292,"Perkins, Rachel","4 North Parkway, Paterson, NJ 27252"
293,"Hudson, Sara","5682 Waubesa Hill, Mesa, AZ 45562"
294,"Sanders, Terry","19 Talmadge Center, Topeka, KS 14097"
295,"Willis, Sean","0479 Lakeland Circle, Salt Lake City, UT 31777"
296,"Jacobs, Kathleen","41 Fieldstone Point, Fresno, CA 78237"
297,"Boyd, Harry","71879 Reinke Place, Trenton, NJ 66165"
298,"Dixon, Diane","930 Kenwood Hill, Grand Rapids, MI 49048"
299,"Watkins, Paula","1210 Rigney Terrace, Tampa, FL 32816"
300,"Mitchell, Stephanie","47860 Melvin Road, Kansas City, MO 66290"
301,"Gonzalez, Phyllis","1 Hudson Road, Lexington, KY 45441"
302,"Adams, Christine","0 Roxbury Crossing, Portland, OR 13244"
303,"Robinson, Jean","94129 Hoard Parkway, Tampa, FL 38524"
304,"Bowman, Anthony","05 Sage Park, Anaheim, CA 60575"
305,"Perez, Deborah","12066 Welch Point, Fargo, ND 82048"
306,"Daniels, Gerald","821 Clyde Gallagher Plaza, Birmingham, AL 40549"
307,"Sanders, Jeffrey","1 Reinke Center, Fullerton, CA 28460"
308,"Stevens, Peter","859 Old Gate Trail, Plano, TX 15352"
309,"Ortiz, Julie","28 Maywood Alley, Odessa, TX 45421"
310,"Vasquez, Frank","205 Tony Avenue, Whittier, CA 93416"
311,"Washington, Linda","7 Fuller Place, Dallas, TX 70472"
312,"Marshall, Howard","568 Nancy Avenue, Asheville, NC 31839"
313,"Rogers, Fred","58 Onsgard Junction, Minneapolis, MN 66963"
314,"Stone, Bonnie","64133 School Court, Omaha, NE 74009"
315,"Dean, Janice","91 Anzinger Circle, Houston, TX 37894"
316,"Gibson, Kathleen","939 Texas Hill, Fort Lauderdale, FL 99695"
317,"Stewart, Harry","6669 Thackeray Junction, Jacksonville, FL 34972"
318,"Hall, Ronald","980 Beilfuss Way, Prescott, AZ 35652"
319,"Tucker, Rose","152 Pawling Terrace, Anchorage, AK 35089"
320,"Foster, Mary","88521 Morningstar Plaza, Dallas, TX 77310"
321,"Bennett, Helen","50807 Northfield Trail, San Francisco, CA 90722"
322,"Coleman, Laura","263 Ramsey Trail, Dayton, OH 19243"
323,"Scott, Bobby","61023 Main Way, Lansing, MI 15853"
324,"Garrett, Matthew","15 Buena Vista Lane, Lansing, MI 77114"
325,"Russell, Heather","81 Chinook Court, Springfield, MO 29466"
326,"Campbell, Bonnie","00413 Ohio Lane, Rockville, MD 83267"
327,"Warren, Susan","27 Nevada Avenue, Kansas City, KS 76886"
328,"Stone, Stephanie","09 Glendale Court, Denver, CO 27457"
329,"Berry, Jeffrey","8153 Superior Alley, Grand Rapids, MI 22801"
330,"Fox, Phyllis","55796 Dwight Road, Waterbury, CT 63250"
331,"Ramirez, Howard","7833 Forster Plaza, Phoenix, AZ 16942"
332,"Marshall, Norma","6 Cottonwood Plaza, Mesquite, TX 76425"
333,"Perez, Lois","10 Golden Leaf Avenue, Saint Louis, MO 15015"
334,"Boyd, Emily","26298 Gateway Parkway, Boca Raton, FL 94609"
335,"Daniels, Carolyn","06 Clarendon Lane, Houston, TX 31218"
336,"Carr, Eugene","8137 Trailsway Plaza, Boston, MA 23867"
337,"Harper, Shirley","19852 New Castle Center, Pasadena, CA 48360"
338,"Martinez, Mark","816 Dryden Park, Norwalk, CT 31527"
339,"Weaver, Frank","588 Donald Street, Salt Lake City, UT 54796"
340,"Ferguson, Roy","611 Garrison Terrace, Dallas, TX 54128"
341,"Berry, Jesse","10769 Thierer Point, Baton Rouge, LA 43895"
342,"Chapman, Clarence","42 Grayhawk Plaza, Seattle, WA 57169"
343,"Williams, Melissa","470 Golf Court, Jersey City, NJ 63400"
344,"Jones, Antonio","022 Mariners Cove Crossing, Wichita, KS 74943"
345,"Coleman, Donna","97498 Tomscot Way, Canton, OH 15847"
346,"Bennett, Joan","188 Pine View Alley, Olympia, WA 33690"
347,"Mccoy, Eugene","24340 Schlimgen Crossing, San Antonio, TX 95960"
348,"Parker, Benjamin","2824 Lotheville Way, Montgomery, AL 96837"
349,"Henry, Jerry","8 Carey Terrace, Charlotte, NC 91914"
350,"Evans, Kimberly","1 Melby Parkway, Danbury, CT 82186"
351,"Griffin, Gloria","824 Pierstorff Park, Juneau, AK 54359"
352,"Duncan, Tina","4 Jackson Trail, Worcester, MA 98443"
353,"Marshall, Arthur","3343 Becker Crossing, Saint Louis, MO 62078"
354,"Fuller, Rachel","700 Blaine Alley, Chicago, IL 38925"
355,"Young, Aaron","83433 International Park, Atlanta, GA 74887"
356,"Morris, Carolyn","8 Corry Junction, Saint Petersburg, FL 38261"
357,"Harrison, Martha","42 Brickson Park Trail, Charlotte, NC 13971"
358,"Allen, William","4439 Loftsgordon Parkway, Boise, ID 17974"
359,"Mendoza, Norma","5567 Doe Crossing Center, Rochester, NY 67166"
360,"Ramos, Kathryn","543 Butterfield Parkway, Long Beach, CA 20922"
361,"Ferguson, Roger","6977 Cody Way, Little Rock, AR 64822"
362,"Carroll, Maria","7878 Hermina Way, San Antonio, TX 24741"
363,"Smith, Antonio","8 West Street, Cincinnati, OH 30572"
364,"Olson, Jason","4843 6th Way, Cincinnati, OH 80291"
365,"Turner, Nicholas","43880 Elka Junction, New York City, NY 50134"
366,"Washington, Eugene","33 Blue Bill Park Park, Saint Louis, MO 15328"
367,"Stanley, Richard","99 Stuart Parkway, Spokane, WA 27244"
368,"Mccoy, Carol","570 Onsgard Drive, Charleston, SC 13321"
369,"Murray, Shawn","9 Forest Run Lane, Louisville, KY 50549"
370,"Rose, Jean","37108 Susan Plaza, Cleveland, OH 42441"
371,"Gibson, Craig","8 Karstens Crossing, Asheville, NC 15760"
372,"Gibson, Joshua","2 Coolidge Court, Phoenix, AZ 83500"
373,"Carr, Eugene","796 Kinsman Center, Charlotte, NC 50732"
374,"Stone, Jesse","27 Marquette Point, San Francisco, CA 26940"
375,"Day, Norma","55064 Anzinger Place, Las Vegas, NV 14969"
376,"Williamson, Thomas","476 Bellgrove Pass, Wichita, KS 24482"
377,"Reynolds, Ernest","0631 Calypso Parkway, Washington, DC 87861"
378,"Howard, Eric","57375 Iowa Crossing, Torrance, CA 20627"
379,"Carter, Judith","56289 Eagle Crest Road, San Diego, CA 33949"
380,"Martinez, Jessica","62772 Eagan Crossing, Lehigh Acres, FL 18438"
381,"Holmes, Linda","8 Pine View Street, Racine, WI 83261"
382,"Greene, Frances","53061 Judy Lane, Bakersfield, CA 21424"
383,"Evans, Catherine","30 Center Court, Littleton, CO 91574"
384,"Stone, Albert","50 Meadow Ridge Parkway, Mobile, AL 91311"
385,"Evans, Christopher","7994 Havey Way, Albuquerque, NM 57202"
386,"Webb, Marilyn","678 Warner Terrace, Santa Monica, CA 44291"
387,"James, Ann","1 West Plaza, Dallas, TX 94308"
388,"Wright, Carl","4026 Northview Circle, Amarillo, TX 26642"
389,"Peters, Ralph","26013 Thackeray Hill, Portland, OR 42398"
390,"Russell, Theresa","007 Dakota Park, Evansville, IN 94798"
391,"Evans, Nancy","789 Fieldstone Street, Gadsden, AL 42745"
392,"Wheeler, Steve","650 Fair Oaks Park, Bronx, NY 18498"
393,"Rose, Alan","9897 Southridge Street, Honolulu, HI 80903"
394,"Mitchell, Christine","937 Chinook Place, White Plains, NY 32308"
395,"Lane, Kimberly","492 Vahlen Court, Brea, CA 45852"
396,"Snyder, Carolyn","53143 Golf View Trail, San Bernardino, CA 65627"
397,"King, Linda","3978 Boyd Drive, Bronx, NY 52887"
398,"Brown, Doris","9 Canary Way, Oklahoma City, OK 85518"
399,"Wallace, Mary","667 Nancy Terrace, San Luis Obispo, CA 50537"
400,"Robinson, Ernest","1138 Claremont Crossing, Lincoln, NE 85634"
401,"Patterson, Frances","00 Delaware Avenue, Austin, TX 45834"
402,"Arnold, Pamela","22 Bayside Street, Hartford, CT 18555"
403,"Edwards, Jason","66334 Transport Point, Cincinnati, OH 53592"
404,"Cox, Donald","3908 Orin Hill, Mansfield, OH 49471"
405,"Barnes, Jean","5476 Vahlen Center, Rochester, NY 40881"
406,"Flores, Donald","91397 Elgar Place, Washington, DC 18770"
407,"Ramos, Charles","67 Westridge Court, Fort Lauderdale, FL 13581"
408,"Patterson, Keith","76 Eliot Alley, Atlanta, GA 15015"
409,"Phillips, Sara","154 Gerald Plaza, Mesa, AZ 85347"
410,"Schmidt, Nancy","21 Ruskin Point, Phoenix, AZ 44573"
411,"Andrews, Deborah","06 Dapin Junction, Los Angeles, CA 86850"
412,"Ryan, Robert","0 New Castle Road, Trenton, NJ 68869"
413,"Woods, Jeffrey","779 Beilfuss Place, Chicago, IL 44288"
414,"Johnston, Willie","03095 Hanover Pass, Saint Paul, MN 35230"
415,"Stewart, Brandon","357 Fuller Place, Ridgely, MD 69316"
416,"Johnston, David","020 Bonner Drive, Atlanta, GA 69441"
417,"Payne, Robin","64 Ryan Way, Chicago, IL 50175"
418,"Black, Patricia","79 Norway Maple Court, Corpus Christi, TX 64243"
419,"Anderson, Amy","8346 Forest Dale Terrace, Berkeley, CA 76943"
420,"White, Nicholas","5719 Pawling Park, Salt Lake City, UT 52502"
421,"Ray, Sean","262 Elmside Crossing, Olympia, WA 50590"
422,"Ford, Lillian","708 Crest Line Place, Sacramento, CA 38474"
423,"Gilbert, Kimberly","57 Merrick Hill, Harrisburg, PA 95579"
424,"Robinson, Jacqueline","364 Washington Pass, Bismarck, ND 15943"
425,"Burton, Amanda","793 Mendota Junction, Albuquerque, NM 75998"
426,"Harvey, Rebecca","65418 Jana Pass, Arlington, VA 92705"
427,"Barnes, Maria","1860 Maryland Alley, El Paso, TX 32044"
428,"Oliver, Paula","97355 Texas Junction, Lansing, MI 38225"
429,"Burns, Donald","52118 Manitowish Terrace, Kent, WA 21861"
430,"Henry, Adam","2817 Coleman Place, Youngstown, OH 42080"
431,"Greene, Kathleen","2 Esker Trail, Cheyenne, WY 95892"
432,"Welch, Victor","5 Sunbrook Terrace, Wichita, KS 86375"
433,"Johnston, Christina","13377 Bluejay Plaza, Rockford, IL 50164"
434,"Reid, Gloria","43 Londonderry Parkway, Vancouver, WA 49362"
435,"Knight, Jerry","569 Crowley Avenue, Tallahassee, FL 26835"
436,"Anderson, Jane","0 Hanover Way, Huntington, WV 69200"
437,"Mcdonald, Teresa","5897 La Follette Crossing, Durham, NC 90988"
438,"Patterson, Beverly","35 Lawn Drive, Springfield, IL 60882"
439,"Kim, Tammy","63286 Center Court, Macon, GA 62232"
440,"Campbell, Gary","707 Nancy Plaza, San Diego, CA 46994"
441,"Gardner, Stephanie","35192 Hagan Court, Pittsburgh, PA 96982"
442,"Cruz, Carlos","30811 Hooker Street, New Orleans, LA 36848"
443,"Nguyen, Jack","556 Swallow Park, Cedar Rapids, IA 16313"
444,"Arnold, Jessica","71109 Sheridan Terrace, Oklahoma City, OK 32162"
445,"Johnston, Norma","6 Lakeland Way, Buffalo, NY 16185"
446,"Mills, Mary","719 Schlimgen Road, Laredo, TX 94415"
447,"Greene, Christine","7901 Dryden Parkway, Topeka, KS 21897"
448,"Montgomery, Paula","41290 East Alley, Denver, CO 18601"
449,"Evans, Martin","751 Rigney Circle, Tampa, FL 58350"
450,"Grant, Jane","732 Anderson Street, Jeffersonville, IN 89476"
451,"Garcia, Kathryn","3385 Colorado Terrace, Waco, TX 79490"
452,"Ruiz, Carlos","86793 Del Sol Avenue, Columbus, OH 92272"
453,"Howard, Christopher","16437 Delaware Place, Bowie, MD 24640"
454,"Meyer, Stephen","02 Harbort Center, Mobile, AL 73298"
455,"Rice, Mildred","41 Waxwing Junction, Saint Louis, MO 51255"
456,"Hall, Nicholas","8175 Corscot Trail, Omaha, NE 99147"
457,"Gutierrez, Fred","687 Erie Road, Englewood, CO 73297"
458,"Pierce, Brandon","34330 Bayside Court, New York City, NY 19995"
459,"Fisher, Tammy","15703 Waxwing Pass, Des Moines, IA 57826"
460,"Chapman, Janet","192 Rieder Hill, Hyattsville, MD 81460"
461,"Dixon, Timothy","658 Goodland Way, Miami, FL 87050"
462,"Butler, Douglas","01426 Bowman Circle, Birmingham, AL 23771"
463,"Fowler, Phyllis","83382 West Pass, Montpelier, VT 15483"
464,"Foster, Melissa","277 Mosinee Hill, Boca Raton, FL 63664"
465,"Jacobs, Marie","2 Doe Crossing Hill, Tampa, FL 70326"
466,"Stone, Victor","80272 Cardinal Point, Louisville, KY 73999"
467,"Stephens, Patricia","5254 Continental Plaza, Duluth, MN 69376"
468,"Ryan, Lillian","24849 Texas Drive, Charlotte, NC 67881"
469,"Gardner, Ashley","2891 Bobwhite Center, Washington, DC 16634"
470,"Grant, Henry","86852 Old Gate Crossing, Evanston, IL 84255"
471,"Andrews, Carol","01 Forster Way, Jacksonville, FL 69207"
472,"Ray, Carol","4 Shelley Junction, Shreveport, LA 54361"
473,"Stanley, Helen","60 Lakeland Hill, Oklahoma City, OK 65324"
474,"Morales, Russell","72570 Algoma Alley, Denver, CO 48019"
475,"Mcdonald, Joshua","14 Brickson Park Alley, Florence, SC 96970"
476,"Ray, Mary","22984 Hoepker Place, Houston, TX 37458"
477,"Reed, Doris","62 Kingsford Court, Birmingham, AL 41764"
478,"Mendoza, Janet","968 Sutherland Point, Tacoma, WA 16130"
479,"Boyd, Melissa","87 Karstens Way, Naples, FL 16510"
480,"White, Thomas","7 Tony Place, Omaha, NE 55632"
481,"Perkins, Nicholas","81 Granby Road, Ocala, FL 92958"
482,"Phillips, Carlos","55038 Forest Dale Park, Norfolk, VA 24546"
483,"Gilbert, Angela","191 Sommers Avenue, Dallas, TX 54821"
484,"Adams, Kathy","8913 Debra Court, Albuquerque, NM 23935"
485,"Harper, Robert","8965 Cambridge Way, Huntington, WV 91258"
486,"George, Steve","0 Leroy Plaza, Mobile, AL 82583"
487,"Rose, Jeffrey","12 Declaration Park, Springfield, MA 64148"
488,"Ferguson, Roy","2 Hazelcrest Terrace, Fort Lauderdale, FL 63196"
489,"Thomas, Carol","844 Schmedeman Avenue, San Francisco, CA 30560"
490,"Dunn, Phyllis","0 Monterey Pass, Austin, TX 56493"
491,"Reynolds, Heather","2 Mifflin Avenue, Spokane, WA 99398"
492,"Porter, Rachel","2178 Evergreen Circle, New Orleans, LA 68062"
493,"Andrews, Carl","54 Charing Cross Avenue, Dallas, TX 81061"
494,"Fisher, Shirley","1255 Starling Pass, Wilmington, NC 54995"
495,"Dunn, Paul","176 Eggendart Point, Kansas City, MO 46622"
496,"Cunningham, Catherine","8 Maple Wood Alley, Los Angeles, CA 50158"
497,"Olson, Mark","95 East Lane, Huntsville, AL 80935"
498,"Dixon, Adam","253 Annamark Circle, Brooklyn, NY 12643"
499,"Stephens, Rose","3995 Green Alley, Huntington, WV 66001"
500,"Alvarez, Lisa","53485 Hanson Crossing, Charleston, SC 75478"
501,"Scott, Carlos","72476 Nevada Lane, Idaho Falls, ID 30515"
502,"Bowman, Gregory","267 Mccormick Drive, Detroit, MI 61786"
503,"Ellis, Maria","8767 Declaration Alley, Dayton, OH 72115"
504,"Alvarez, Rose","7 Northfield Plaza, Fresno, CA 60890"
505,"Cooper, Alan","9 4th Road, High Point, NC 48973"
506,"Oliver, Henry","2 Meadow Ridge Parkway, York, PA 32819"
507,"Brooks, Andrea","592 Little Fleur Pass, Houston, TX 82025"
508,"Webb, Andrew","7 American Crossing, Portland, OR 11802"
509,"Carr, Patrick","63142 Main Court, Dallas, TX 68772"
510,"Hart, Jimmy","6266 Loftsgordon Court, Denver, CO 50223"
511,"Robinson, Louis","28737 Lien Circle, New Orleans, LA 75117"
512,"Jordan, Jacqueline","6603 North Court, Washington, DC 94690"
513,"Woods, Ruth","08 Maryland Point, Columbia, SC 69980"
514,"Burke, Dorothy","07 Forest Dale Point, Shawnee Mission, KS 32594"
515,"King, Michelle","4 Waywood Terrace, Riverside, CA 30219"
516,"Stevens, Adam","8 Almo Court, Wichita, KS 22867"
517,"Wilson, Walter","74622 Dakota Crossing, Boulder, CO 41792"
518,"Alexander, Sarah","26339 Vernon Drive, Dallas, TX 34021"
519,"Olson, Jose","0 Lerdahl Hill, Tucson, AZ 19476"
520,"Fernandez, Theresa","1 Colorado Plaza, Birmingham, AL 25165"
521,"Bishop, Aaron","42 Comanche Drive, Dallas, TX 73691"
522,"Crawford, Theresa","610 Hanover Avenue, Washington, DC 35605"
523,"Perry, Stephen","6 Division Crossing, Bellevue, WA 94000"
524,"Russell, Julia","989 Jay Place, Abilene, TX 43692"
525,"Campbell, Patricia","564 Clemons Terrace, Littleton, CO 37152"
526,"Wood, Robert","11 Melrose Way, Milwaukee, WI 92770"
527,"Holmes, Sean","0509 Summit Court, Baltimore, MD 88383"
528,"Arnold, Wayne","2 Erie Place, Torrance, CA 30492"
529,"Rodriguez, Johnny","431 Westend Road, San Jose, CA 56012"
530,"Wheeler, Kenneth","32 Gateway Junction, Salt Lake City, UT 95786"
531,"Patterson, Amanda","9324 Haas Center, Richmond, VA 22215"
532,"Morales, Cheryl","2342 Marcy Road, Columbus, OH 15629"
533,"Jordan, Martha","187 Fuller Way, Hicksville, NY 27365"
534,"Wagner, Joan","67 Di Loreto Lane, Flushing, NY 55848"
535,"Dean, Louise","2969 Del Mar Circle, Portland, OR 26625"
536,"Medina, Brian","907 Clyde Gallagher Junction, Akron, OH 94771"
537,"Peters, Antonio","5245 Hermina Lane, Albuquerque, NM 66641"
538,"Stanley, Eugene","12934 Bellgrove Terrace, San Diego, CA 30032"
539,"Murray, Lawrence","6 Eastwood Junction, Vancouver, WA 72996"
540,"Arnold, Carl","2 Doe Crossing Avenue, Indianapolis, IN 27976"
541,"Gonzalez, Melissa","03 South Circle, Amarillo, TX 17132"
542,"Sanchez, Phyllis","15747 Sutherland Plaza, Fort Worth, TX 11463"
543,"Hernandez, Billy","5402 Maple Park, Chicago, IL 87913"
544,"Hall, Chris","967 Amoth Pass, Kalamazoo, MI 76759"
545,"Gomez, Brenda","1837 Comanche Crossing, Atlanta, GA 43386"
546,"Morales, Theresa","52 Mcbride Junction, Birmingham, AL 43555"
547,"Griffin, Adam","75812 Acker Avenue, Denver, CO 65530"
548,"Frazier, Nicholas","27 Clarendon Circle, Los Angeles, CA 56707"
549,"Reyes, Carol","556 Vera Way, Akron, OH 82157"
550,"Webb, Lawrence","5231 Claremont Circle, Salem, OR 60014"
551,"Lopez, Susan","0013 Melby Lane, Waterbury, CT 24882"
552,"Jackson, Ruth","969 Hanover Pass, Hampton, VA 16803"
553,"Thomas, Louise","343 Butterfield Way, Jersey City, NJ 46167"
554,"Burke, Christine","747 Fallview Street, Pittsburgh, PA 84300"
555,"Wright, Shawn","987 Ohio Park, Birmingham, AL 97614"
556,"Black, Keith","62027 Manufacturers Court, Tallahassee, FL 69027"
557,"Rivera, Judith","43 Eagle Crest Drive, Detroit, MI 22239"
558,"Burke, Ralph","22819 Hollow Ridge Avenue, Kansas City, MO 42636"
559,"Jackson, Russell","1 Debs Pass, Spring Hill, FL 76357"
560,"Wagner, Jerry","5 Old Shore Trail, Huntsville, AL 15375"
561,"Phillips, Edward","962 Pepper Wood Hill, Pittsburgh, PA 63736"
562,"Ryan, Jeremy","9 Monica Parkway, Albany, NY 17090"
563,"Bowman, Karen","4 Drewry Road, Washington, DC 82830"
564,"Hall, Richard","04 Granby Terrace, Washington, DC 20263"
565,"Kim, Gregory","600 Roth Point, Chicago, IL 99266"
566,"Griffin, Mary","2 Melody Place, Knoxville, TN 24338"
567,"Clark, Lisa","767 Sullivan Trail, Rockford, IL 71929"
568,"Robinson, Carlos","63820 Algoma Junction, Appleton, WI 15069"
569,"Jenkins, Barbara","65 Sunbrook Court, Newton, MA 14634"
570,"Collins, Virginia","88263 New Castle Center, Dallas, TX 85048"
571,"Rogers, Philip","8405 Bultman Road, Fairbanks, AK 76649"
572,"Alvarez, Elizabeth","41 Sutherland Way, Chattanooga, TN 95139"
573,"Cooper, Edward","5 Burning Wood Point, Shreveport, LA 21829"
574,"Crawford, Joyce","1117 Leroy Point, Gadsden, AL 97004"
575,"Ramirez, Beverly","1812 Glacier Hill Hill, New York City, NY 99959"
576,"Anderson, Ashley","28593 Dapin Circle, Cincinnati, OH 28493"
577,"Dunn, Steven","5 Hagan Plaza, North Hollywood, CA 40519"
578,"Gilbert, Margaret","97676 Carioca Lane, Fort Worth, TX 99668"
579,"Frazier, Amy","5 Sloan Junction, New York City, NY 55952"
580,"Fisher, Helen","4645 Union Court, Denver, CO 48886"
581,"Spencer, Barbara","2066 Oneill Lane, Florence, SC 13738"
582,"Castillo, Ralph","0967 Katie Point, Wilmington, DE 95533"
583,"Hayes, Matthew","58 Oneill Place, San Jose, CA 75285"
584,"Morales, Katherine","8007 Holy Cross Terrace, Schaumburg, IL 75389"
585,"Hart, Sara","0736 New Castle Circle, Detroit, MI 91777"
586,"Reynolds, Henry","46 Raven Way, Jamaica, NY 34441"
587,"Carr, Mildred","69265 Hallows Place, Dayton, OH 79321"
588,"Fowler, Frank","35533 Westend Park, Oakland, CA 89108"
589,"Carr, Eric","58 Continental Street, Washington, DC 59836"
590,"Stone, Sharon","6 Fair Oaks Place, Austin, TX 70012"
591,"Parker, Roy","52356 Mariners Cove Avenue, Dallas, TX 20523"
592,"Foster, Diana","25003 Crescent Oaks Trail, Tacoma, WA 98266"
593,"Gibson, Carl","458 Nancy Drive, Lubbock, TX 74187"
594,"Knight, Joan","841 Brown Hill, Houston, TX 54994"
595,"Morgan, Maria","38 Luster Park, Pensacola, FL 52321"
596,"Mitchell, Stephen","29098 Morningstar Hill, Dayton, OH 39903"
597,"Perez, Michael","39 Trailsway Way, San Diego, CA 96640"
598,"Evans, Mildred","02 Katie Court, Evansville, IN 92121"
599,"Peters, Douglas","85108 Miller Park, Winston Salem, NC 55275"
600,"Harrison, Jesse","67 Spohn Alley, Clearwater, FL 62115"
601,"Morrison, Mary","05399 Sundown Circle, Topeka, KS 17299"
602,"Snyder, Terry","7525 Lighthouse Bay Pass, High Point, NC 86990"
603,"Oliver, Janice","931 Miller Lane, Los Angeles, CA 49147"
604,"Bailey, John","179 Bunker Hill Hill, Reading, PA 45672"
605,"Robinson, Harold","1557 Melody Hill, Seattle, WA 17730"
606,"Torres, Sean","8 Manufacturers Terrace, Richmond, VA 43732"
607,"Mccoy, Sean","4 Iowa Drive, Spring, TX 69323"
608,"Garrett, Roy","8 Sutherland Avenue, Fairbanks, AK 52867"
609,"Rice, Janet","5 Bluestem Avenue, San Bernardino, CA 53454"
610,"Ramos, Gloria","302 Stone Corner Park, Washington, DC 56850"
611,"Mills, Dennis","38 Lotheville Point, San Diego, CA 31710"
612,"Freeman, Ruby","13645 Sutherland Point, Minneapolis, MN 11538"
613,"Washington, Johnny","49 Caliangt Circle, Jamaica, NY 35744"
614,"Bishop, Joan","34 Pepper Wood Road, Saint Louis, MO 35383"
615,"Stone, Joseph","4 Shelley Parkway, Hamilton, OH 42983"
616,"Cooper, Christina","074 Reindahl Parkway, Levittown, PA 13051"
617,"Mitchell, Billy","6390 Jana Court, Milwaukee, WI 60571"
618,"Torres, Steve","203 Russell Terrace, Kent, WA 25451"
619,"George, Laura","72632 East Drive, Santa Fe, NM 51562"
620,"Fuller, Samuel","9 Old Shore Terrace, Dearborn, MI 35912"
621,"Kennedy, Eric","02927 Ronald Regan Park, Columbia, SC 51617"
622,"Wells, Diane","8 Tony Alley, Kansas City, MO 26855"
623,"Carr, Donna","2349 Golf Plaza, Brooklyn, NY 84129"
624,"Woods, Pamela","030 Merrick Lane, Santa Cruz, CA 38094"
625,"Hunt, Andrew","7612 Sommers Crossing, Louisville, KY 83887"
626,"Riley, Scott","05 Hauk Trail, Fort Lauderdale, FL 80965"
627,"Hernandez, Debra","42 Claremont Park, Savannah, GA 57546"
628,"Richards, Nicholas","01054 Chinook Circle, Roanoke, VA 30544"
629,"Clark, Jerry","0 Lillian Court, Lansing, MI 89255"
630,"Hanson, Kevin","4 Eagan Hill, Rochester, NY 63053"
631,"Stone, Karen","104 Anniversary Street, Bradenton, FL 72621"
632,"Carr, Catherine","7134 Hoepker Center, Long Beach, CA 41802"
633,"Butler, Cheryl","88 Toban Center, Duluth, MN 20002"
634,"Ellis, Arthur","67 Hauk Terrace, Roanoke, VA 56780"
635,"Medina, Bonnie","4929 6th Pass, Greensboro, NC 43367"
636,"Woods, Dennis","94437 Schurz Pass, Houston, TX 25964"
637,"Fields, Lisa","25743 Service Drive, Littleton, CO 39866"
638,"Boyd, Donald","6 Ruskin Drive, Washington, DC 17276"
639,"Johnson, Kathy","88228 Memorial Pass, Jacksonville, FL 84038"
640,"Robertson, Brenda","2 Stuart Plaza, Largo, FL 50361"
641,"Marshall, Jean","7457 Trailsway Plaza, Albany, NY 23689"
642,"Medina, Carol","7 Summer Ridge Road, New York City, NY 97029"
643,"Jacobs, Cynthia","3144 Canary Hill, Waterbury, CT 40884"
644,"Alexander, Joshua","11005 Nancy Street, Houston, TX 89830"
645,"Carroll, Marie","16414 Northfield Avenue, Milwaukee, WI 21377"
646,"Nichols, Gloria","084 Ruskin Alley, Madison, WI 35903"
647,"Bryant, Carolyn","547 Colorado Avenue, Bozeman, MT 92436"
648,"Clark, Thomas","4 Dawn Crossing, Houston, TX 21174"
649,"Armstrong, Janet","937 Bluestem Avenue, Richmond, VA 64893"
650,"Richards, Irene","26 Cambridge Trail, Amarillo, TX 66173"
651,"Cox, Daniel","3320 Spaight Center, Mobile, AL 44206"
652,"Burke, Charles","90 New Castle Terrace, Macon, GA 88983"
653,"Perkins, Paula","5 Center Way, Kansas City, MO 62116"
654,"Sanders, Jacqueline","317 Brickson Park Place, El Paso, TX 73597"
655,"Barnes, Judith","62 Kinsman Point, Tacoma, WA 54552"
656,"Perry, Wayne","5 Mitchell Junction, Torrance, CA 25430"
657,"Reyes, Stephanie","08 Mayfield Avenue, Alhambra, CA 68095"
658,"Welch, Billy","750 Marcy Circle, Rochester, NY 10667"
659,"Webb, Timothy","860 American Ash Drive, Dayton, OH 52019"
660,"Gray, Jimmy","01 Alpine Pass, Philadelphia, PA 77232"
661,"Bradley, Henry","9 Montana Terrace, Omaha, NE 92875"
662,"Arnold, Ronald","9435 8th Street, Los Angeles, CA 90878"
663,"Riley, Christine","5 5th Plaza, Houston, TX 87883"
664,"Romero, Donna","9 Southridge Avenue, Jefferson City, MO 24868"
665,"Carr, Steve","13421 Straubel Crossing, Greensboro, NC 55506"
666,"Meyer, Stephen","8190 Kinsman Lane, Huntington, WV 21232"
667,"Rodriguez, Betty","3 Westend Plaza, Fairfield, CT 40795"
668,"Webb, Todd","3186 Warrior Drive, Spokane, WA 60236"
669,"Murray, Robin","333 Macpherson Trail, Hartford, CT 74393"
670,"Bryant, Emily","9 Nova Pass, Des Moines, IA 43887"
671,"Perkins, Justin","3 Hoffman Road, Saint Louis, MO 23694"
672,"Richardson, Bruce","8 Green Center, Boca Raton, FL 65251"
673,"Wright, Andrew","91981 Evergreen Parkway, Grand Rapids, MI 35406"
674,"Harrison, Jose","33920 Dottie Center, Indianapolis, IN 54954"
675,"Price, Theresa","688 Clyde Gallagher Center, Mobile, AL 65512"
676,"Murphy, Keith","61 Dovetail Hill, San Antonio, TX 77931"
677,"Dean, Elizabeth","27 Dovetail Hill, Greensboro, NC 94954"
678,"Burton, William","197 Logan Circle, Jacksonville, FL 78163"
679,"Adams, Patricia","90065 Fordem Center, San Jose, CA 98737"
680,"Riley, Amanda","38990 Burning Wood Avenue, New Haven, CT 25025"
681,"Henry, Peter","0 School Place, Sioux Falls, SD 24860"
682,"Edwards, Marilyn","1 New Castle Lane, Waterbury, CT 88247"
683,"Mitchell, Marie","9 Northland Parkway, Bakersfield, CA 38965"
684,"Powell, Bruce","10999 Stoughton Trail, Kansas City, MO 57709"
685,"Nguyen, Amanda","97307 Bunting Hill, Largo, FL 68194"
686,"Lawson, Pamela","6945 Nelson Park, Washington, DC 88869"
687,"Young, Walter","6519 Johnson Terrace, Jacksonville, FL 71707"
688,"Greene, Robin","5 Prairie Rose Avenue, Jamaica, NY 72285"
689,"Lawson, Kevin","328 Becker Hill, Charlotte, NC 68809"
690,"Bowman, Victor","53259 Maple Wood Plaza, Fresno, CA 93905"
691,"Williams, Jason","2 Lerdahl Point, Oklahoma City, OK 73367"
692,"Thomas, Jimmy","6983 Spenser Center, Washington, DC 53542"
693,"Hanson, Angela","50122 Village Green Park, Sacramento, CA 30041"
694,"Cox, Betty","614 Bartillon Point, San Jose, CA 30629"
695,"Crawford, Jack","419 Cordelia Circle, Akron, OH 28745"
696,"Perez, Victor","0 Mallard Road, Shreveport, LA 52776"
697,"Torres, Betty","49049 Jana Center, Knoxville, TN 20732"
698,"Davis, Fred","3 Kennedy Avenue, Roanoke, VA 42581"
699,"Tucker, Lisa","3 Tennessee Way, Washington, DC 51075"
700,"Johnson, Randy","6406 Oxford Point, Alhambra, CA 69937"
701,"Peters, Bonnie","2734 Gerald Crossing, Des Moines, IA 84270"
702,"Sanchez, Barbara","816 Westend Center, Fairbanks, AK 63518"
703,"White, Lisa","67 Garrison Crossing, Corpus Christi, TX 96712"
704,"Warren, Nancy","79704 Bultman Way, Santa Fe, NM 73110"
705,"Reynolds, Howard","15803 Lunder Circle, Denver, CO 70755"
706,"Gilbert, Denise","40 Meadow Ridge Way, Maple Plain, MN 24664"
707,"Day, Margaret","6 Clemons Crossing, Baltimore, MD 27892"
708,"Washington, Shawn","748 Troy Alley, Fort Wayne, IN 32147"
709,"Gray, Alice","6249 Buhler Drive, New Haven, CT 95923"
710,"Mccoy, Nicole","3 Graceland Plaza, Denver, CO 22943"
711,"Clark, Debra","433 Dottie Park, Nashville, TN 37626"
712,"Meyer, Matthew","97123 Algoma Drive, New Castle, PA 15279"
713,"Palmer, Sara","08497 Roxbury Road, Springfield, IL 70445"
714,"Sullivan, Richard","8 Golden Leaf Center, Lexington, KY 57943"
715,"Porter, Charles","1 Pleasure Junction, Jefferson City, MO 61579"
716,"Boyd, Janet","6 Schmedeman Junction, Mobile, AL 25756"
717,"Rogers, Karen","68 Kingsford Road, Washington, DC 84975"
718,"Ross, Jessica","6825 Main Place, Fort Worth, TX 99286"
719,"Hernandez, Martin","8 Reindahl Street, Fort Collins, CO 26292"
720,"Harris, Paula","8 Sunbrook Place, Washington, DC 67048"
721,"Riley, Ralph","137 Waubesa Pass, Washington, DC 64618"
722,"Hill, Stephen","5 Michigan Park, Atlanta, GA 57582"
723,"Montgomery, Beverly","3892 Green Lane, Kansas City, KS 34627"
724,"Phillips, William","53 Manley Crossing, Austin, TX 13020"
725,"Nichols, Judith","85649 Menomonie Circle, Jackson, MS 24824"
726,"Cox, Marilyn","96494 Bay Crossing, Raleigh, NC 70142"
727,"Parker, Tammy","86 Lunder Street, Los Angeles, CA 50622"
728,"Gonzalez, Kevin","09348 Anzinger Road, Houston, TX 63546"
729,"Peters, Brenda","52 Nevada Parkway, Garden Grove, CA 63944"
730,"Oliver, Ashley","99918 Continental Drive, Madison, WI 47381"
731,"Sanders, Debra","7820 Claremont Road, Baltimore, MD 15860"
732,"Nichols, Nicholas","8785 Tennyson Circle, Berkeley, CA 32553"
733,"Cook, Phyllis","2878 Moose Way, Little Rock, AR 38983"
734,"Smith, Maria","5 Fieldstone Street, Tucson, AZ 85859"
735,"Little, Cheryl","54904 Rowland Avenue, Santa Cruz, CA 22950"
736,"Hunt, Larry","08950 Tony Road, Atlanta, GA 56855"
737,"Cruz, Anthony","7 Corscot Plaza, Des Moines, IA 31933"
738,"Henderson, Walter","3902 Florence Court, Baltimore, MD 27371"
739,"Fox, Lawrence","96845 Gina Alley, Tampa, FL 69049"
740,"Stephens, Arthur","37823 East Park, Tulsa, OK 23098"
741,"Smith, Jennifer","43 Sunfield Drive, Cincinnati, OH 69493"
742,"Jacobs, Russell","41627 Merrick Court, El Paso, TX 87621"
743,"Little, Jack","429 Steensland Hill, Houston, TX 39307"
744,"Lewis, Jeffrey","10 Independence Junction, Sacramento, CA 15220"
745,"Wagner, Nicholas","81 Dexter Way, Kalamazoo, MI 97413"
746,"Patterson, Laura","9 Annamark Court, Spokane, WA 18819"
747,"Mills, Sandra","88 Farmco Lane, Greensboro, NC 10383"
748,"Knight, Jimmy","61 Colorado Terrace, Sioux Falls, SD 57147"
749,"Diaz, Joan","641 Raven Junction, Mountain View, CA 38794"
750,"Martin, Shirley","43 Muir Alley, Saint Louis, MO 59004"
751,"Welch, Kathleen","53414 Mitchell Drive, Washington, DC 19105"
752,"Hernandez, Adam","0337 Lighthouse Bay Point, Kingsport, TN 42258"
753,"Wheeler, Deborah","6 Rieder Lane, San Jose, CA 80693"
754,"Murray, Rebecca","9 Grayhawk Trail, Pittsburgh, PA 52337"
755,"Thomas, Terry","6478 Boyd Trail, Greenville, SC 43322"
756,"Ross, Walter","47 Anthes Center, Tacoma, WA 87467"
757,"Riley, Willie","20 Crowley Street, San Jose, CA 41136"
758,"Clark, Diana","585 Granby Terrace, Atlanta, GA 36764"
759,"Wallace, Irene","2986 Sachs Street, Philadelphia, PA 88924"
760,"Stephens, Terry","4480 Farwell Point, Garden Grove, CA 34676"
761,"Stanley, Mark","05 Eggendart Pass, Philadelphia, PA 84760"
762,"Diaz, Anna","457 Manley Lane, Phoenix, AZ 62951"
763,"Wheeler, Albert","8736 Dwight Court, Augusta, GA 82855"
764,"Rivera, Irene","55 Sutteridge Crossing, Columbus, OH 15154"
765,"Nelson, Ronald","5 Hermina Trail, Orlando, FL 83983"
766,"Martinez, Billy","9114 Kennedy Terrace, Dallas, TX 79018"
767,"Cunningham, Emily","33532 Moose Park, New York City, NY 65493"
768,"Welch, Debra","66 Brown Crossing, Lexington, KY 67059"
769,"Cunningham, Angela","59 1st Alley, Cincinnati, OH 59859"
770,"Powell, Michelle","7 Farwell Center, Youngstown, OH 41715"
771,"Austin, Joyce","371 Miller Place, Riverside, CA 33360"
772,"Russell, Carolyn","31775 Porter Street, Baton Rouge, LA 30008"
773,"Miller, Elizabeth","4274 Walton Park, Albany, NY 72219"
774,"Cooper, Judy","20249 Linden Junction, Myrtle Beach, SC 39214"
775,"Berry, Joyce","8620 Center Trail, Spartanburg, SC 36188"
776,"Taylor, Louis","02 Menomonie Avenue, Brooklyn, NY 58304"
777,"Lopez, Lois","524 Bonner Terrace, Pittsburgh, PA 88986"
778,"Peterson, Joshua","1675 Melby Pass, Lansing, MI 84379"
779,"Sims, Heather","604 Jay Terrace, Macon, GA 99429"
780,"Dunn, Ann","126 Monument Center, Lakewood, WA 82890"
781,"Smith, Timothy","394 Debra Avenue, Kissimmee, FL 76877"
782,"Ross, Phyllis","51 4th Hill, Pittsburgh, PA 77183"
783,"Alvarez, Diana","17 Paget Trail, Springfield, MA 42655"
784,"Arnold, Todd","0 Kings Drive, Kansas City, MO 89092"
785,"James, Fred","71679 Maple Park, Edmond, OK 59994"
786,"Hernandez, Albert","9011 Daystar Point, Saint Cloud, MN 70925"
787,"Fuller, Chris","349 Mandrake Court, Evansville, IN 44595"
788,"Stephens, Shawn","2 Dennis Plaza, Norfolk, VA 67617"
789,"Johnston, Matthew","27 Warrior Junction, Monroe, LA 46138"
790,"Simpson, Lillian","62 Meadow Vale Drive, Tucson, AZ 88438"
791,"Sims, Eugene","32961 Morrow Court, Jacksonville, FL 89559"
792,"Wright, Julia","1192 Briar Crest Court, Houston, TX 32002"
793,"Kelley, Donald","2766 Hovde Junction, Iowa City, IA 57573"
794,"Chapman, Patrick","65 Manufacturers Circle, Atlanta, GA 56683"
795,"Palmer, Jeffrey","7580 Red Cloud Hill, Knoxville, TN 18000"
796,"Davis, Patrick","52690 Vermont Hill, Indianapolis, IN 88367"
797,"Cooper, Scott","66860 Becker Road, Denver, CO 55826"
798,"Reed, John","4 Melrose Drive, Reading, PA 40435"
799,"Hill, Jennifer","98 Grasskamp Park, Long Beach, CA 10140"
800,"Schmidt, Adam","3401 Jenna Street, Gatesville, TX 57907"
801,"Wells, Jessica","3 Kropf Center, Des Moines, IA 84591"
802,"Austin, Billy","89858 Bashford Point, Boston, MA 66104"
803,"Bennett, Doris","86 Cordelia Junction, Sarasota, FL 56381"
804,"Wells, Scott","5 Blue Bill Park Way, San Jose, CA 34778"
805,"Lewis, Cynthia","7906 East Way, Jamaica, NY 19159"
806,"Gomez, Debra","4 Basil Pass, Dallas, TX 76156"
807,"White, Andrea","91407 Pine View Parkway, Oklahoma City, OK 95508"
808,"Ryan, Rebecca","54016 Paget Trail, San Mateo, CA 98637"
809,"Ferguson, Kathryn","7040 Bellgrove Drive, Dayton, OH 80746"
810,"George, Lori","0 Oriole Park, Kansas City, MO 85636"
811,"Hamilton, Doris","675 Hudson Way, Portland, OR 12658"
812,"Grant, Brian","8931 Del Sol Pass, Dulles, VA 30706"
813,"Fowler, Fred","86 Anniversary Park, Odessa, TX 20243"
814,"Gordon, Ralph","18 Texas Lane, Richmond, VA 32168"
815,"Phillips, Richard","9 Blaine Trail, Anaheim, CA 53989"
816,"Simmons, Jane","864 Loftsgordon Alley, Saint Augustine, FL 19111"
817,"Hernandez, Judy","8 Glacier Hill Parkway, Santa Monica, CA 68732"
818,"Cunningham, Debra","2 Magdeline Junction, Shreveport, LA 28392"
819,"Perez, Ashley","918 Manley Drive, Morgantown, WV 70090"
820,"Tucker, Frank","535 Graceland Alley, Omaha, NE 18906"
821,"Davis, Larry","9229 Morningstar Plaza, Springfield, MO 33610"
822,"Holmes, Ryan","89712 Maple Wood Hill, San Jose, CA 58908"
823,"Murray, Anne","161 Bowman Junction, New Haven, CT 64189"
824,"Cook, Ruby","3907 Luster Trail, Roanoke, VA 91699"
825,"Dean, Philip","150 Quincy Lane, Portland, OR 18881"
826,"Campbell, Louise","44046 Brentwood Terrace, Washington, DC 43226"
827,"Chavez, Angela","968 Sutherland Alley, Austin, TX 51427"
828,"Smith, Linda","83 Bellgrove Crossing, Seminole, FL 49851"
829,"Long, Angela","47516 Colorado Parkway, Chicago, IL 99941"
830,"Black, Beverly","102 Carioca Way, Memphis, TN 85691"
831,"Graham, Carlos","08304 Erie Way, Kansas City, MO 86073"
832,"Larson, Brian","00 Straubel Parkway, Duluth, GA 14255"
833,"Spencer, Andrew","728 Village Green Junction, Des Moines, IA 24958"
834,"Ortiz, Kenneth","68910 Thierer Alley, Boca Raton, FL 40913"
835,"Baker, Virginia","46 Pierstorff Plaza, Stamford, CT 36314"
836,"Gonzalez, Tina","76 Luster Crossing, Largo, FL 80201"
837,"Cruz, Kelly","594 Sauthoff Street, Wilmington, NC 89980"
838,"Kelly, Cynthia","05 Coleman Court, Miami, FL 80919"
839,"Bowman, Carolyn","3365 Grover Plaza, New Bedford, MA 11305"
840,"Hernandez, Heather","2 Green Point, El Paso, TX 47475"
841,"Young, Katherine","4314 Green Road, Corpus Christi, TX 10849"
842,"Tucker, Willie","4 Oxford Plaza, South Lake Tahoe, CA 63395"
843,"Welch, Dennis","7 Quincy Drive, San Jose, CA 43001"
844,"Richardson, Joshua","704 Spenser Point, Gainesville, FL 22229"
845,"Alvarez, Lisa","1517 Kings Drive, Detroit, MI 85451"
846,"Williams, Louis","673 Del Mar Alley, Billings, MT 24534"
847,"Carr, Catherine","6544 Jenna Park, Pittsburgh, PA 65163"
848,"Gutierrez, Craig","91706 Trailsway Trail, Reno, NV 79171"
849,"Rice, Alice","51 Heath Road, Savannah, GA 53215"
850,"Perry, Adam","68 Leroy Place, Los Angeles, CA 89583"
851,"Payne, Gregory","6564 Sherman Court, Young America, MN 28246"
852,"Collins, Carol","178 Bluejay Drive, Dayton, OH 61843"
853,"Wagner, Lisa","746 Laurel Court, Madison, WI 25679"
854,"Rogers, Billy","77 Drewry Circle, Miami, FL 51640"
855,"Austin, Janice","662 Gateway Parkway, North Little Rock, AR 68663"
856,"Knight, Clarence","955 Autumn Leaf Avenue, Huntington, WV 53716"
857,"Adams, Juan","8 Sycamore Park, San Jose, CA 64038"
858,"Lawson, Steve","3527 Havey Park, Chico, CA 13582"
859,"Allen, Annie","1131 Farragut Road, Washington, DC 50545"
860,"Washington, Laura","100 Erie Circle, Cincinnati, OH 41313"
861,"Snyder, Benjamin","092 Melvin Plaza, Brooksville, FL 76198"
862,"Turner, Judy","70838 Nevada Park, Honolulu, HI 70706"
863,"Peters, Margaret","67761 Beilfuss Point, Austin, TX 80040"
864,"Wheeler, Janet","223 Katie Alley, Reno, NV 91713"
865,"Romero, Sean","98886 Ryan Pass, Bronx, NY 29022"
866,"Ortiz, Julia","58 Briar Crest Avenue, York, PA 30372"
867,"Stephens, Jacqueline","218 7th Crossing, Lincoln, NE 23766"
868,"Grant, Fred","0 Oak Valley Hill, Flushing, NY 76317"
869,"Burke, Martha","022 Ruskin Trail, Oklahoma City, OK 80081"
870,"Day, Adam","96 Vera Terrace, Waterbury, CT 75344"
871,"Miller, Donald","8 Randy Place, Toledo, OH 79652"
872,"Fields, Howard","7 Eagan Parkway, Sacramento, CA 40401"
873,"Howard, Nancy","0 Gerald Alley, Dayton, OH 73386"
874,"Miller, Amanda","773 Charing Cross Road, Killeen, TX 79470"
875,"Fuller, Julie","5842 Northview Terrace, Lawrenceville, GA 25921"
876,"Carpenter, Jason","6008 Green Ridge Road, Akron, OH 99083"
877,"Oliver, Billy","66 Fair Oaks Park, New York City, NY 79488"
878,"Bowman, Billy","77220 Hollow Ridge Junction, Louisville, KY 75608"
879,"Turner, Albert","60 Johnson Circle, Denver, CO 11410"
880,"Kelley, Julia","5578 Vahlen Way, Fort Worth, TX 25334"
881,"Roberts, Samuel","47 Muir Pass, Albuquerque, NM 49731"
882,"Rodriguez, Bruce","8 Redwing Junction, Saint Petersburg, FL 74577"
883,"Matthews, Donald","70 Moulton Junction, Lakewood, WA 85020"
884,"Berry, Theresa","9130 Trailsway Way, Minneapolis, MN 79535"
885,"Flores, Howard","3 Golf View Point, Austin, TX 50972"
886,"Gutierrez, Harold","534 Sheridan Junction, Wilmington, NC 61093"
887,"Torres, Juan","46052 Oak Valley Alley, Erie, PA 71940"
888,"Snyder, Keith","1294 Hoffman Road, Washington, DC 44810"
889,"Bell, Ruby","2 Rutledge Alley, Columbus, OH 28405"
890,"Duncan, Earl","82 Mandrake Lane, Punta Gorda, FL 13105"
891,"Stephens, Kelly","7 Victoria Lane, Evansville, IN 35234"
892,"Alvarez, Marilyn","19059 Colorado Road, New Orleans, LA 42545"
893,"Stevens, Dorothy","291 Maryland Street, Erie, PA 53170"
894,"Boyd, John","77 Holmberg Drive, Evansville, IN 48311"
895,"Meyer, Dennis","37 Eliot Hill, Santa Barbara, CA 48474"
896,"Lee, Andrew","74033 Glacier Hill Plaza, Fort Worth, TX 94333"
897,"Payne, Norma","01454 Sundown Place, Houston, TX 50446"
898,"Carr, Linda","22312 Heath Court, Omaha, NE 12177"
899,"Reynolds, Anthony","97 Little Fleur Road, Mobile, AL 46188"
900,"Welch, Betty","635 Troy Circle, Garden Grove, CA 47383"
901,"Anderson, Russell","160 Thompson Center, Albuquerque, NM 74688"
902,"Moreno, Heather","6118 Rowland Circle, Los Angeles, CA 51505"
903,"Medina, Sean","14029 Acker Court, San Diego, CA 49850"
904,"Peterson, Sharon","81 Tony Center, Detroit, MI 67576"
905,"Rodriguez, Jane","8 Westridge Lane, Charlotte, NC 59938"
906,"Nichols, Philip","7 Buhler Plaza, Oklahoma City, OK 64967"
907,"Chavez, Susan","377 Waxwing Alley, San Antonio, TX 71386"
908,"Porter, Diane","0307 Monica Park, Macon, GA 38547"
909,"Berry, Amanda","30295 Dexter Court, Amarillo, TX 49417"
910,"Diaz, Anna","13 Cardinal Alley, Indianapolis, IN 50752"
911,"Thompson, Ronald","2 Fairfield Plaza, Saint Petersburg, FL 28902"
912,"Bowman, Heather","7375 Arrowood Court, New York City, NY 93722"
913,"Ellis, Lois","6838 Longview Parkway, Winston Salem, NC 75154"
914,"Warren, Michelle","549 Oakridge Park, Charleston, WV 34550"
915,"Murray, Dennis","04 8th Road, Gary, IN 57796"
916,"Davis, Nicole","44866 Heath Court, New Orleans, LA 74042"
917,"Fuller, Joyce","2387 Holy Cross Point, Baton Rouge, LA 69137"
918,"Morrison, Jack","1 Becker Lane, Mansfield, OH 64990"
919,"Andrews, Wayne","7 Union Hill, Austin, TX 35593"
920,"Cruz, Diane","93 Schmedeman Point, Long Beach, CA 13352"
921,"Morris, Donna","43217 Alpine Lane, Worcester, MA 81586"
922,"Martinez, Martin","8831 Village Road, Columbus, OH 48427"
923,"Porter, Patrick","440 Little Fleur Street, Jacksonville, FL 83789"
924,"Bishop, Harold","75742 Monica Lane, Minneapolis, MN 69214"
925,"Hunter, Adam","15974 Pearson Point, Minneapolis, MN 17634"
926,"Davis, Jacqueline","58 Hansons Plaza, Arlington, TX 68874"
927,"Alvarez, Roy","27443 Monica Court, Valdosta, GA 54080"
928,"Austin, Steve","23066 Mayfield Trail, Temple, TX 61749"
929,"Burton, Anne","6 Union Junction, Saint Paul, MN 97079"
930,"Hart, Kathy","2 Burning Wood Circle, Boston, MA 14714"
931,"Carroll, Susan","25241 Dwight Avenue, Atlanta, GA 12724"
932,"Rice, Douglas","9164 Hayes Plaza, Baltimore, MD 87253"
933,"Foster, Ruby","46472 Almo Pass, Columbia, SC 70022"
934,"Chavez, Marie","40557 Fordem Drive, Hartford, CT 64436"
935,"Banks, Judy","57 Victoria Court, Brea, CA 90075"
936,"Stephens, Joseph","1 East Alley, Gatesville, TX 89747"
937,"Robinson, Joyce","8827 Stephen Way, Young America, MN 44761"
938,"Henderson, Larry","549 Nevada Terrace, Anchorage, AK 70274"
939,"Morrison, Helen","86 Evergreen Pass, Corpus Christi, TX 18567"
940,"Simmons, Willie","212 Lien Terrace, Tacoma, WA 81588"
941,"Gilbert, Evelyn","96 Westport Hill, Mobile, AL 15733"
942,"Murray, Joyce","10305 Ludington Hill, Chattanooga, TN 25828"
943,"Clark, Martin","2709 Continental Parkway, Houston, TX 45620"
944,"Elliott, Brenda","14 Weeping Birch Road, San Francisco, CA 57180"
945,"Wood, Sandra","4 Westerfield Street, Orlando, FL 49384"
946,"Fisher, Joshua","1770 Ilene Point, Rochester, NY 45523"
947,"Hunter, Norma","8120 Oak Court, Houston, TX 58026"
948,"Carroll, Jimmy","77 3rd Plaza, Houston, TX 15722"
949,"Mason, Ernest","38 Arkansas Lane, Aurora, IL 74279"
950,"Thompson, Deborah","081 Hoffman Hill, Winston Salem, NC 77741"
951,"Griffin, Robert","92 Grim Alley, Lake Worth, FL 85481"
952,"Bowman, Janice","89456 Hallows Drive, Flint, MI 82624"
953,"Day, Louis","98707 Buhler Hill, Fairbanks, AK 15268"
954,"Snyder, Ernest","367 Leroy Parkway, Bellevue, WA 34484"
955,"West, Shawn","5056 Beilfuss Crossing, Toledo, OH 86454"
956,"Wagner, David","57 Dakota Plaza, Charleston, SC 44349"
957,"Marshall, Ralph","24 Pine View Terrace, Spokane, WA 27759"
958,"Howell, Robert","640 Golf Course Alley, Des Moines, IA 69834"
959,"Allen, Martin","99744 Granby Parkway, Brooklyn, NY 94122"
960,"Holmes, Steven","8548 Manitowish Street, Rochester, NY 61721"
961,"Williams, Patricia","9915 Farwell Lane, Anchorage, AK 15409"
962,"Taylor, Joe","346 Kingsford Road, Washington, DC 30591"
963,"Schmidt, Nicole","1782 Maryland Point, Atlanta, GA 77077"
964,"Thompson, Timothy","8892 Sullivan Lane, New Orleans, LA 75766"
965,"Andrews, Nicole","98 Westend Drive, Spokane, WA 89337"
966,"Fernandez, Johnny","87 Red Cloud Alley, Lincoln, NE 91925"
967,"Rogers, Norma","0 Bultman Parkway, Springfield, VA 16811"
968,"Fernandez, Gerald","87 Utah Parkway, Denver, CO 95044"
969,"Reynolds, Anthony","4 Gateway Plaza, Reston, VA 24782"
970,"Allen, Wayne","8230 Leroy Pass, North Little Rock, AR 37517"
971,"Bradley, Eric","5381 Leroy Way, Saint Louis, MO 27869"
972,"Alexander, Elizabeth","1 Walton Terrace, Denver, CO 62248"
973,"Carpenter, Kathryn","8683 International Drive, Sacramento, CA 28097"
974,"Reynolds, Nicole","4622 Sage Junction, Chicago, IL 30371"
975,"Holmes, Laura","8097 Springs Road, Fairbanks, AK 90431"
976,"Hernandez, Doris","340 Upham Terrace, Saint Louis, MO 19663"
977,"Burton, Larry","3634 Schiller Hill, Fort Worth, TX 30811"
978,"Gibson, Bobby","68838 Arrowood Lane, Port Washington, NY 90205"
979,"Perry, Michael","4557 8th Trail, Dallas, TX 74920"
980,"Mitchell, Walter","189 Banding Center, Chicago, IL 71766"
981,"Woods, Edward","2432 1st Parkway, Pensacola, FL 19494"
982,"Oliver, Roy","0572 Shasta Trail, Jefferson City, MO 32960"
983,"Bailey, Jane","7272 Maywood Avenue, Honolulu, HI 18548"
984,"Watkins, Jason","59 Jenna Street, Trenton, NJ 24445"
985,"Garrett, Phillip","4950 Knutson Court, Bloomington, IN 86855"
986,"Moore, Harold","42 Erie Lane, Brea, CA 88810"
987,"Willis, Benjamin","3 Thompson Trail, San Angelo, TX 12622"
988,"Jenkins, Laura","25 Johnson Avenue, New York City, NY 34829"
989,"Scott, Daniel","72855 Katie Pass, Madison, WI 27419"
990,"Porter, Judith","69818 Mockingbird Crossing, New York City, NY 63353"
991,"Hansen, Paul","8036 Mcguire Terrace, Baton Rouge, LA 16572"
992,"Spencer, Jennifer","6729 Tennyson Park, Saint Louis, MO 32520"
993,"Meyer, Martin","989 Summerview Hill, Garden Grove, CA 14212"
994,"Dean, Frank","2671 Esker Parkway, Ogden, UT 61368"
995,"Coleman, Donna","729 Pankratz Pass, Berkeley, CA 39453"
996,"Porter, Frances","70 Sunnyside Drive, Louisville, KY 68245"
997,"Ford, Anne","71215 Armistice Court, Newport News, VA 99923"
998,"Johnston, Annie","32 New Castle Road, Atlanta, GA 68714"
999,"Bryant, Rachel","784 Monument Point, Staten Island, NY 56013"
1000,"Pierce, Doris","226 Hauk Alley, Des Moines, IA 90281"
